Datum_Zeit (UTC +2h),Radiation (W/m2),Precipitation (mm),Wind_mean (m/s),Wind direction (°),Temperature (°C)
30.07.2018 06:00,1,0,0.6,214,14.6
30.07.2018 06:10,3,0,0.3,241,15.1
30.07.2018 06:20,7,0,0.2,256,14.9
30.07.2018 06:30,13,0,0.2,176,15.1
30.07.2018 06:40,18,0,0.3,212,15
30.07.2018 06:50,24,0,0.5,235,15.1
30.07.2018 07:00,64,0,0.3,220,15.3
30.07.2018 07:10,91,0,0.3,228,15.7
30.07.2018 07:20,116,0,0.6,262,16
30.07.2018 07:30,130,0,0.3,269,16.3
30.07.2018 07:40,170,0,0.2,22,16.7
30.07.2018 07:50,199,0,0.2,345,17.2
30.07.2018 08:00,227,0,0.5,24,17.8
30.07.2018 08:10,256,0,0.4,346,18.3
30.07.2018 08:20,283,0,0.1,321,18.8
30.07.2018 08:30,312,0,0.5,269,19.7
30.07.2018 08:40,342,0,0.8,269,20
30.07.2018 08:50,374,0,0.6,258,20.4
30.07.2018 09:00,404,0,0.9,264,20.9
30.07.2018 09:10,433,0,0.7,239,21.4
30.07.2018 09:20,462,0,0.8,243,21.8
30.07.2018 09:30,492,0,1.1,212,23.3
30.07.2018 09:40,519,0,1.2,152,22.9
30.07.2018 09:50,546,0,1.8,150,23.6
30.07.2018 10:00,573,0,1.3,131,23.8
30.07.2018 10:10,601,0,1.4,191,24.6
30.07.2018 10:20,628,0,1.3,128,24.6
30.07.2018 10:30,653,0,1,148,25.3
30.07.2018 10:40,676,0,1,133,25.2
30.07.2018 10:50,700,0,0.9,222,25.1
30.07.2018 11:00,722,0,1,282,25.6
30.07.2018 11:10,743,0,0.6,355,26.1
30.07.2018 11:20,762,0,0.7,347,26.4
30.07.2018 11:30,778,0,0.7,3,26.2
30.07.2018 11:40,797,0,0.7,340,26.8
30.07.2018 11:50,805,0,0.8,48,27.4
30.07.2018 12:00,818,0,1,212,27.8
30.07.2018 12:10,829,0,1.3,40,28.1
30.07.2018 12:20,841,0,2,20,28.3
30.07.2018 12:30,853,0,1,11,27.9
30.07.2018 12:40,857,0,1.6,336,28.6
30.07.2018 12:50,869,0,1.7,34,28.9
30.07.2018 13:00,878,0,1.1,37,29.4
30.07.2018 13:10,889,0,1.9,14,29.4
30.07.2018 13:20,897,0,1.5,19,29
30.07.2018 13:30,899,0,1,253,29.9
30.07.2018 13:40,900,0,1.2,287,30.1
30.07.2018 13:50,886,0,2,336,30.1
30.07.2018 14:00,869,0,1.6,27,30
30.07.2018 14:10,801,0,1,87,30.1
30.07.2018 14:20,901,0,1.4,319,30.5
30.07.2018 14:30,883,0,2,357,30.9
30.07.2018 14:40,872,0,1.4,144,30.2
30.07.2018 14:50,864,0,2.2,95,31.2
30.07.2018 15:00,855,0,1.7,25,30.8
30.07.2018 15:10,848,0,1.4,317,31.5
30.07.2018 15:20,834,0,2.6,334,31.1
30.07.2018 15:30,810,0,2.3,313,31.4
30.07.2018 15:40,786,0,2.7,244,31.6
30.07.2018 15:50,770,0,2,204,31.3
30.07.2018 16:00,754,0,2.2,252,31.5
30.07.2018 16:10,732,0,2.6,301,31.7
30.07.2018 16:20,715,0,2,329,31.1
30.07.2018 16:30,668,0,1.4,274,31.2
30.07.2018 16:40,694,0,1.8,276,31.8
30.07.2018 16:50,683,0,2,312,31.3
30.07.2018 17:00,667,0,1.6,315,31.5
30.07.2018 17:10,628,0,1.1,54,31.5
30.07.2018 17:20,505,0,1.2,247,32
30.07.2018 17:30,561,0,1.4,257,32
30.07.2018 17:40,546,0,1.1,245,32.1
30.07.2018 17:50,487,0,1.8,233,31.8
30.07.2018 18:00,419,0,1.3,296,31
30.07.2018 18:10,314,0,0.5,222,31.1
30.07.2018 18:20,432,0,1.5,240,31.6
30.07.2018 18:30,334,0,1,175,31.3
30.07.2018 18:40,257,0,1.3,214,31.2
30.07.2018 18:50,270,0,1.6,239,31.1
30.07.2018 19:00,346,0,1.6,241,31.4
30.07.2018 19:10,185,0,1.8,248,30.2
30.07.2018 19:20,130,0,1.3,241,30
30.07.2018 19:30,139,0,1.1,251,29.9
30.07.2018 19:40,135,0,0.9,302,28.7
30.07.2018 19:50,110,0,1,18,28.9
30.07.2018 20:00,112,0,0.5,74,28
30.07.2018 20:10,101,0,0.1,43,27.2
30.07.2018 20:20,84,0,1,12,26.3
30.07.2018 20:30,61,0,1,18,26.4
30.07.2018 20:40,42,0,1,21,24.1
30.07.2018 20:50,22,0,0.8,41,24.2
30.07.2018 21:00,11,0,0.4,57,23.2
30.07.2018 21:10,4,0,1.6,16,23.6
30.07.2018 21:20,1,0,1.6,6,23.5
30.07.2018 21:30,0,0,1.7,13,23.2
30.07.2018 21:40,0,0,1.6,23,22.6
30.07.2018 21:50,0,0,1.7,25,22.2
30.07.2018 22:00,0,0,2,21,22.3
30.07.2018 22:10,0,0,2,18,22
30.07.2018 22:20,0,0,1.5,29,20.8
30.07.2018 22:30,0,0,0.5,21,20.8
30.07.2018 22:40,0,0,0.2,0,20.5
30.07.2018 22:50,0,0,0.3,20,20.2
30.07.2018 23:00,0,0,0.2,21,20.6
30.07.2018 23:10,0,0,0.4,1,19.4
30.07.2018 23:20,0,0,0.3,26,20
30.07.2018 23:30,0,0,0,0,18.9
30.07.2018 23:40,0,0,0.1,274,19.4
30.07.2018 23:50,0,0,0,0,20.5
31.07.2018 00:00,0,0,0,0,19.2
31.07.2018 00:10,0,0,0,0,18.4
31.07.2018 00:20,0,0,0.4,228,19.5
31.07.2018 00:30,0,0,0.5,184,19.5
31.07.2018 00:40,0,0,0.7,181,20.7
31.07.2018 00:50,0,0,0.6,239,19.1
31.07.2018 01:00,0,0,0.8,226,19.5
31.07.2018 01:10,0,0,0.5,196,18.4
31.07.2018 01:20,0,0,0.4,224,19.1
31.07.2018 01:30,0,0,0.6,234,18.6
31.07.2018 01:40,0,0,0.7,179,18
31.07.2018 01:50,0,0,1.5,188,17.4
31.07.2018 02:00,0,0,1.1,209,18.8
31.07.2018 02:10,0,0,0.9,224,18.6
31.07.2018 02:20,0,0,1,212,16.8
31.07.2018 02:30,0,0,1,216,18.4
31.07.2018 02:40,0,0,0.4,193,18.4
31.07.2018 02:50,0,0,0.6,216,18
31.07.2018 03:00,0,0,0.8,211,17.2
31.07.2018 03:10,0,0,1.1,174,18.7
31.07.2018 03:20,0,0,1,185,17.9
31.07.2018 03:30,0,0,0.8,220,16.6
31.07.2018 03:40,0,0,0.4,224,16.7
31.07.2018 03:50,0,0,1.2,9,16.6
31.07.2018 04:00,0,0,1.2,4,16.5
31.07.2018 04:10,0,0,1.2,11,16.4
31.07.2018 04:20,0,0,0.6,19,16.4
31.07.2018 04:30,0,0,0.3,8,16.4
31.07.2018 04:40,0,0,0.1,16,17.2
31.07.2018 04:50,0,0,0.2,245,16.6
31.07.2018 05:00,0,0,0.3,248,16.4
31.07.2018 05:10,0,0,0.8,232,15.4
31.07.2018 05:20,0,0,0.7,225,16.3
31.07.2018 05:30,0,0,0.7,234,16
31.07.2018 05:40,0,0,0.7,235,15.7
31.07.2018 05:50,0,0,0.5,146,15.6
31.07.2018 06:00,1,0,0.4,159,15.5
31.07.2018 06:10,3,0,0.3,190,15.2
31.07.2018 06:20,7,0,0.9,167,15.7
31.07.2018 06:30,12,0,1.4,154,16.3
31.07.2018 06:40,18,0,0.9,188,16.4
31.07.2018 06:50,24,0,0.9,180,16
31.07.2018 07:00,54,0,1,214,16.5
31.07.2018 07:10,86,0,0.9,229,16.7
31.07.2018 07:20,111,0,1,221,16.9
31.07.2018 07:30,137,0,1,196,18.1
31.07.2018 07:40,165,0,0.7,180,18.1
31.07.2018 07:50,194,0,0.7,165,19
31.07.2018 08:00,223,0,0.5,213,19.5
31.07.2018 08:10,251,0,0.8,265,19.3
31.07.2018 08:20,279,0,0.3,240,20.3
31.07.2018 08:30,309,0,0.5,203,20.9
31.07.2018 08:40,340,0,1.2,200,21.7
31.07.2018 08:50,372,0,1.4,170,23
31.07.2018 09:00,402,0,2.2,154,23
31.07.2018 09:10,431,0,1.8,189,23.5
31.07.2018 09:20,459,0,1.7,210,23.9
31.07.2018 09:30,488,0,1.6,226,23.8
31.07.2018 09:40,516,0,1.7,211,24.6
31.07.2018 09:50,542,0,1.4,220,24.8
31.07.2018 10:00,567,0,1.4,229,25
31.07.2018 10:10,594,0,1.5,229,25.4
31.07.2018 10:20,620,0,1.6,249,25.6
31.07.2018 10:30,643,0,1.4,259,25.5
31.07.2018 10:40,667,0,1.5,271,25.9
31.07.2018 10:50,693,0,1.2,276,25.8
31.07.2018 11:00,715,0,1,349,26.4
31.07.2018 11:10,736,0,1.1,266,26.8
31.07.2018 11:20,754,0,0.8,293,27
31.07.2018 11:30,772,0,0.9,248,28.5
31.07.2018 11:40,787,0,0.8,233,27.7
31.07.2018 11:50,799,0,1,207,28
31.07.2018 12:00,812,0,1.1,201,28.7
31.07.2018 12:10,821,0,1.2,156,28.7
31.07.2018 12:20,834,0,1,258,29.5
31.07.2018 12:30,848,0,2.1,246,29
31.07.2018 12:40,856,0,1.9,240,29.8
31.07.2018 12:50,866,0,2.1,214,30.7
31.07.2018 13:00,877,0,1.8,230,30
31.07.2018 13:10,892,0,2.6,237,30.9
31.07.2018 13:20,906,0,1.8,282,30.5
31.07.2018 13:30,747,0,1.4,337,30
31.07.2018 13:40,853,0,2.3,352,30.8
31.07.2018 13:50,722,0,2.3,331,31
31.07.2018 14:00,870,0,2.3,322,30.8
31.07.2018 14:10,956,0,2.5,330,31.3
31.07.2018 14:20,958,0,2.5,356,30.8
31.07.2018 14:30,881,0,2.1,61,31.8
31.07.2018 14:40,849,0,1.9,84,32.1
31.07.2018 14:50,886,0,2.2,25,31.9
31.07.2018 15:00,563,0,2.8,19,30.7
31.07.2018 15:10,758,0,2,39,32.1
31.07.2018 15:20,796,0,2.9,38,31.8
31.07.2018 15:30,555,0,2.1,10,31
31.07.2018 15:40,813,0,0.9,5,32
31.07.2018 15:50,764,0,2.1,335,32.2
31.07.2018 16:00,759,0,1.3,338,32
31.07.2018 16:10,756,0,1.2,293,32.6
31.07.2018 16:20,756,0,1.4,33,32.3
31.07.2018 16:30,764,0,1.7,46,32.4
31.07.2018 16:40,775,0,2,41,33.3
31.07.2018 16:50,750,0,2,12,32.5
31.07.2018 17:00,451,0,2.1,49,31.5
31.07.2018 17:10,504,0,1.4,360,32.1
31.07.2018 17:20,661,0,2.1,26,32.3
31.07.2018 17:30,624,0,2.5,332,31.9
31.07.2018 17:40,560,0,2.8,319,31.8
31.07.2018 17:50,421,0,3.5,310,31.5
31.07.2018 18:00,459,0,3.1,352,31.8
31.07.2018 18:10,335,0,2.3,3,31.2
31.07.2018 18:20,159,0,1.7,343,30.4
31.07.2018 18:30,304,0,2,348,31.1
31.07.2018 18:40,99,0,2.6,346,30.1
31.07.2018 18:50,69,0,2.5,355,29.6
31.07.2018 19:00,79,0,2.3,338,29.8
31.07.2018 19:10,113,0,2.4,329,29.1
31.07.2018 19:20,120,0,2.3,329,29.1
31.07.2018 19:30,82,0,2.2,332,28.7
31.07.2018 19:40,110,0,2.1,331,29.1
31.07.2018 19:50,88,0,2,337,29.1
31.07.2018 20:00,66,0,1,14,27.9
31.07.2018 20:10,46,0,0.9,18,28.4
31.07.2018 20:20,38,0,0.2,65,27.1
31.07.2018 20:30,30,0,0.2,18,26.3
31.07.2018 20:40,23,0,0.5,297,26.9
31.07.2018 20:50,15,0,0.2,212,26.3
31.07.2018 21:00,7,0,0.3,118,26.2
31.07.2018 21:10,3,0,0.4,28,24.2
31.07.2018 21:20,0,0,0.4,35,24.3
31.07.2018 21:30,0,0,0.5,116,25.4
31.07.2018 21:40,0,0,0.2,113,23
31.07.2018 21:50,0,0,0.3,127,24.6
31.07.2018 22:00,0,0,0.9,141,23.7
31.07.2018 22:10,0,0,0.6,124,23.8
31.07.2018 22:20,0,0,0.4,36,21.7
31.07.2018 22:30,0,0,0.5,319,22.6
31.07.2018 22:40,0,0,0.2,326,23.4
31.07.2018 22:50,0,0,0.1,35,23.3
31.07.2018 23:00,0,0,0.3,119,23.4
31.07.2018 23:10,0,0,0.4,49,20.8
31.07.2018 23:20,0,0,0.5,307,22.2
31.07.2018 23:30,0,0,0.1,343,21.8
31.07.2018 23:40,0,0,0.4,298,20.6
31.07.2018 23:50,0,0,0.1,289,21.3
01.08.2018 00:00,0,0,0.1,218,22.1
01.08.2018 00:10,0,0,0,0,21.4
01.08.2018 00:20,0,0,0.4,331,21.3
01.08.2018 00:30,0,0,0.3,354,21.2
01.08.2018 00:40,0,0,0.1,0,21.3
01.08.2018 00:50,0,0,0.7,346,19.2
01.08.2018 01:00,0,0,0.4,354,20.5
01.08.2018 01:10,0,0,0.2,76,21.2
01.08.2018 01:20,0,0,0.3,147,20.2
01.08.2018 01:30,0,0,0.2,317,20.9
01.08.2018 01:40,0,0,0.1,27,20.1
01.08.2018 01:50,0,0,0.6,270,20
01.08.2018 02:00,0,0,0.3,269,19.7
01.08.2018 02:10,0,0,0.3,284,19.4
01.08.2018 02:20,0,0,0.6,291,19.3
01.08.2018 02:30,0,0,0.5,41,19.7
01.08.2018 02:40,0,0,0.7,102,19.9
01.08.2018 02:50,0,0,0.7,124,19.2
01.08.2018 03:00,0,0,0.8,157,19.6
01.08.2018 03:10,0,0,0.8,144,19.5
01.08.2018 03:20,0,0,1,156,19.3
01.08.2018 03:30,0,0,0.8,234,17.6
01.08.2018 03:40,0,0,0.5,268,18
01.08.2018 03:50,0,0,0.1,282,19
01.08.2018 04:00,0,0,0.3,281,18.1
01.08.2018 04:10,0,0,0.2,7,17.9
01.08.2018 04:20,0,0,0,0,18.2
01.08.2018 04:30,0,0,0.1,19,18.1
01.08.2018 04:40,0,0,0.1,112,17.6
01.08.2018 04:50,0,0,0.5,318,17.2
01.08.2018 05:00,0,0,0.3,9,17.8
01.08.2018 05:10,0,0,0.1,55,17.4
01.08.2018 05:20,0,0,0.1,0,17.8
01.08.2018 05:30,0,0,0.3,270,16.1
01.08.2018 05:40,0,0,0.6,335,16.9
01.08.2018 05:50,0,0,0.3,257,17.8
01.08.2018 06:00,0,0,0.2,107,17.4
01.08.2018 06:10,3,0,0.1,92,17
01.08.2018 06:20,8,0,0.5,3,17.4
01.08.2018 06:30,15,0,0.6,9,17.3
01.08.2018 06:40,23,0,0.4,54,17
01.08.2018 06:50,32,0,0.1,75,16.6
01.08.2018 07:00,56,0,0.1,80,17.8
01.08.2018 07:10,103,0,0.2,94,17.9
01.08.2018 07:20,117,0,0.5,346,18.5
01.08.2018 07:30,95,0,0.1,299,18.8
01.08.2018 07:40,107,0,0.1,295,19.2
01.08.2018 07:50,116,0,0.2,244,19.5
01.08.2018 08:00,156,0,0.4,3,20
01.08.2018 08:10,147,0,0.1,333,20.2
01.08.2018 08:20,153,0,0,0,20.6
01.08.2018 08:30,155,0,0.1,264,20.9
01.08.2018 08:40,143,0,0.2,262,21
01.08.2018 08:50,160,0,0.3,328,21.1
01.08.2018 09:00,183,0,0.3,265,21.3
01.08.2018 09:10,162,0,0.2,296,21.3
01.08.2018 09:20,357,0,0.3,315,22.6
01.08.2018 09:30,474,0,0.8,293,23.3
01.08.2018 09:40,487,0,1.1,283,23.6
01.08.2018 09:50,528,0,1.5,332,24.6
01.08.2018 10:00,527,0,1.4,12,25.7
01.08.2018 10:10,433,0,2.2,189,24.7
01.08.2018 10:20,404,0,1.1,164,24.6
01.08.2018 10:30,625,0,0.8,73,25.5
01.08.2018 10:40,641,0,2.2,31,25.9
01.08.2018 10:50,635,0,2.7,43,26.2
01.08.2018 11:00,663,0,2.5,42,26.7
01.08.2018 11:10,702,0,2,7,26.7
01.08.2018 11:20,717,0,2.9,26,27.2
01.08.2018 11:30,733,0,2.4,46,27.7
01.08.2018 11:40,783,0,1.9,360,28.2
01.08.2018 11:50,789,0,1.4,65,28.3
01.08.2018 12:00,808,0,1.6,10,29.3
01.08.2018 12:10,820,0,2.1,1,28.9
01.08.2018 12:20,830,0,1.4,341,29.4
01.08.2018 12:30,839,0,2.5,314,29.1
01.08.2018 12:40,839,0,1.6,18,29.5
01.08.2018 12:50,848,0,1.3,3,29.2
01.08.2018 13:00,862,0,2,13,29.8
01.08.2018 13:10,868,0,2,19,29.5
01.08.2018 13:20,874,0,0.7,45,29.5
01.08.2018 13:30,873,0,2.1,3,30
01.08.2018 13:40,877,0,1.5,76,30.3
01.08.2018 13:50,880,0,2.4,51,30
01.08.2018 14:00,879,0,1.7,357,30.5
01.08.2018 14:10,877,0,1.9,326,30.8
01.08.2018 14:20,873,0,2,349,31
01.08.2018 14:30,871,0,1.9,24,29.9
01.08.2018 14:40,870,0,1.4,34,31.1
01.08.2018 14:50,866,0,2,348,31
01.08.2018 15:00,880,0,1.6,27,32
01.08.2018 15:10,798,0,2.5,27,31
01.08.2018 15:20,379,0,2,358,30.6
01.08.2018 15:30,271,0,2.2,6,30.4
01.08.2018 15:40,388,0,2,30,30.6
01.08.2018 15:50,328,0,2,70,30.9
01.08.2018 16:00,253,0,2,81,30.6
01.08.2018 16:10,486,0,1.6,97,30.9
01.08.2018 16:20,377,0,2.3,93,30.7
01.08.2018 16:30,301,0,2.1,82,30.7
01.08.2018 16:40,389,0,3.5,133,29.1
01.08.2018 16:50,208,0,4.3,140,28.1
01.08.2018 17:00,228,0,3.5,135,27.8
01.08.2018 17:10,108,0,3.6,151,27.1
01.08.2018 17:20,28,0,2.4,163,26.7
01.08.2018 17:30,17,0.7,1,174,25.9
01.08.2018 17:40,6,0.7,2.9,156,24.1
01.08.2018 17:50,9,0.2,2.3,140,23.6
01.08.2018 18:00,18,0.2,1.9,118,22.1
01.08.2018 18:10,27,0,1.9,170,22.8
01.08.2018 18:20,34,0,3,135,22.8
01.08.2018 18:30,54,0,3.2,128,23.3
01.08.2018 18:40,67,0,1.6,148,22.8
01.08.2018 18:50,63,0,2.1,127,23
01.08.2018 19:00,51,0,3.2,140,22.7
01.08.2018 19:10,42,0,2,133,22.4
01.08.2018 19:20,31,0,1.8,220,21.9
01.08.2018 19:30,28,0,1.2,249,22.1
01.08.2018 19:40,28,0,2.1,241,21.6
01.08.2018 19:50,24,0,1.4,122,21.2
01.08.2018 20:00,21,0,1.9,129,22.1
01.08.2018 20:10,17,0,1.3,213,21.6
01.08.2018 20:20,13,0,0.4,180,21.4
01.08.2018 20:30,10,0,1.4,108,21.4
01.08.2018 20:40,10,0,1.9,89,21.4
01.08.2018 20:50,8,0,2.2,268,21
01.08.2018 21:00,7,0,1.2,311,21.2
01.08.2018 21:10,5,0,0.6,59,21.2
01.08.2018 21:20,1,0,0.9,233,20.8
01.08.2018 21:30,0,0,0.6,352,20.6
01.08.2018 21:40,0,0,0.4,44,20.8
01.08.2018 21:50,0,0,1.3,225,20.6
01.08.2018 22:00,0,0,0.5,18,20.5
01.08.2018 22:10,0,0,0.6,319,20.2
01.08.2018 22:20,0,0,0.5,268,20.3
01.08.2018 22:30,0,0,0.4,256,20.4
01.08.2018 22:40,0,0,0.4,223,20.5
01.08.2018 22:50,0,0,0.7,223,20.2
01.08.2018 23:00,0,0,1.2,123,20.1
01.08.2018 23:10,0,0,0.7,118,20.4
01.08.2018 23:20,0,0,0.6,76,19.3
01.08.2018 23:30,0,0,1.2,30,19.8
01.08.2018 23:40,0,0,0.4,86,19.1
01.08.2018 23:50,0,0,0.5,1,18.9
02.08.2018 00:00,0,0,0.4,202,19.5
02.08.2018 00:10,0,0,0.7,236,18.7
02.08.2018 00:20,0,0,0.1,0,19.3
02.08.2018 00:30,0,0,0.4,297,18.4
02.08.2018 00:40,0,0,0.2,47,19.1
02.08.2018 00:50,0,0,0.3,65,18.4
02.08.2018 01:00,0,0,0.4,22,18.3
02.08.2018 01:10,0,0,0.4,357,18
02.08.2018 01:20,0,0,0.5,83,18.5
02.08.2018 01:30,0,0,0.4,80,18.2
02.08.2018 01:40,0,0,0.2,0,18
02.08.2018 01:50,0,0,0.5,289,17.9
02.08.2018 02:00,0,0,0.3,160,18
02.08.2018 02:10,0,0,0.3,50,18.3
02.08.2018 02:20,0,0,0.7,6,17.9
02.08.2018 02:30,0,0,0.2,220,17.5
02.08.2018 02:40,0,0,0.8,136,18.3
02.08.2018 02:50,0,0,0.7,113,18.4
02.08.2018 03:00,0,0,0.3,288,18.2
02.08.2018 03:10,0,0,0.7,253,17.6
02.08.2018 03:20,0,0,0.4,337,17.8
02.08.2018 03:30,0,0,0.5,137,17.5
02.08.2018 03:40,0,0,0.8,142,18.2
02.08.2018 03:50,0,0,0.5,144,17.5
02.08.2018 04:00,0,0,0.5,358,17.5
02.08.2018 04:10,0,0,0.2,8,17.4
02.08.2018 04:20,0,0,0.4,134,17.3
02.08.2018 04:30,0,0,0.3,76,16.6
02.08.2018 04:40,0,0,0.3,304,16.9
02.08.2018 04:50,0,0,0.2,26,17.4
02.08.2018 05:00,0,0,0.4,182,17.1
02.08.2018 05:10,0,0,0.2,0,17
02.08.2018 05:20,0,0,0.6,13,16.8
02.08.2018 05:30,0,0,0.4,39,17
02.08.2018 05:40,0,0,0.3,110,16.7
02.08.2018 05:50,0,0,0.5,183,16
02.08.2018 06:00,0,0,0.2,220,16.7
02.08.2018 06:10,3,0,0.1,222,16.8
02.08.2018 06:20,7,0,0.1,222,16.7
02.08.2018 06:30,15,0,0.1,221,17
02.08.2018 06:40,25,0,0.1,214,16.7
02.08.2018 06:50,34,0,0.2,207,16.5
02.08.2018 07:00,50,0,0.1,188,16.5
02.08.2018 07:10,75,0,0.1,0,17.2
02.08.2018 07:20,105,0,0.2,294,17.6
02.08.2018 07:30,145,0,0.2,274,17.9
02.08.2018 07:40,163,0,0.3,240,18
02.08.2018 07:50,207,0,0.3,158,18.7
02.08.2018 08:00,203,0,0.7,148,18.8
02.08.2018 08:10,217,0,0.3,133,19.2
02.08.2018 08:20,241,0,0.5,178,19.7
02.08.2018 08:30,243,0,0.2,163,19.7
02.08.2018 08:40,281,0,0.2,292,20
02.08.2018 08:50,301,0,0.3,313,20.1
02.08.2018 09:00,325,0,0.6,309,20.7
02.08.2018 09:10,369,0,0.6,327,20.9
02.08.2018 09:20,408,0,1,347,21.3
02.08.2018 09:30,446,0,1.2,6,21.1
02.08.2018 09:40,490,0,1.7,345,21.6
02.08.2018 09:50,505,0,1.3,24,21.7
02.08.2018 10:00,515,0,0.7,312,22
02.08.2018 10:10,533,0,1.1,16,22.6
02.08.2018 10:20,553,0,1.2,24,23.1
02.08.2018 10:30,579,0,1.8,15,23.4
02.08.2018 10:40,647,0,2.1,11,23.7
02.08.2018 10:50,681,0,1.7,22,23.7
02.08.2018 11:00,704,0,2.2,49,23.8
02.08.2018 11:10,722,0,2.2,13,24.2
02.08.2018 11:20,744,0,2.1,356,23.9
02.08.2018 11:30,767,0,2.2,40,24.6
02.08.2018 11:40,777,0,1.6,27,25
02.08.2018 11:50,791,0,2.5,51,25.6
02.08.2018 12:00,808,0,2.5,49,26
02.08.2018 12:10,813,0,3.6,50,25.6
02.08.2018 12:20,825,0,2.6,37,26.4
02.08.2018 12:30,835,0,3.1,10,26.7
02.08.2018 12:40,837,0,3.3,5,26.2
02.08.2018 12:50,849,0,2.9,30,26.7
02.08.2018 13:00,866,0,2.7,5,27
02.08.2018 13:10,874,0,3.2,27,27.4
02.08.2018 13:20,879,0,3.6,29,27.1
02.08.2018 13:30,888,0,3.5,17,27.9
02.08.2018 13:40,885,0,3.7,28,28.2
02.08.2018 13:50,883,0,4.1,30,28.7
02.08.2018 14:00,885,0,3.1,28,29.4
02.08.2018 14:10,881,0,3.2,32,28.1
02.08.2018 14:20,880,0,3.1,46,29.9
02.08.2018 14:30,873,0,2.6,57,29.4
02.08.2018 14:40,870,0,4.2,38,29.6
02.08.2018 14:50,819,0,4.1,40,29.8
02.08.2018 15:00,802,0,4.8,42,29.7
02.08.2018 15:10,835,0,4.9,70,30.1
02.08.2018 15:20,819,0,4.7,49,29.8
02.08.2018 15:30,796,0,4.4,53,29.8
02.08.2018 15:40,779,0,4.7,42,29.9
02.08.2018 15:50,751,0,5.1,27,29.7
02.08.2018 16:00,728,0,4.9,38,30.3
02.08.2018 16:10,715,0,3.9,43,29.9
02.08.2018 16:20,697,0,4.3,42,30.7
02.08.2018 16:30,683,0,5.2,24,29.9
02.08.2018 16:40,669,0,4.3,25,30.7
02.08.2018 16:50,651,0,4.9,40,30
02.08.2018 17:00,625,0,4.3,30,30
02.08.2018 17:10,587,0,4.6,48,30.6
02.08.2018 17:20,570,0,4,46,30.1
02.08.2018 17:30,542,0,3.9,38,30.1
02.08.2018 17:40,508,0,4.5,50,29.8
02.08.2018 17:50,479,0,3.4,51,30
02.08.2018 18:00,449,0,3.7,32,29.9
02.08.2018 18:10,418,0,4,47,29.7
02.08.2018 18:20,385,0,4,47,29.8
02.08.2018 18:30,358,0,4.1,53,29.6
02.08.2018 18:40,329,0,4,33,29.7
02.08.2018 18:50,302,0,3.6,45,29.4
02.08.2018 19:00,269,0,3.9,38,29.1
02.08.2018 19:10,239,0,4.4,47,29.1
02.08.2018 19:20,213,0,3,51,28.9
02.08.2018 19:30,182,0,3.7,44,28.8
02.08.2018 19:40,156,0,3.5,40,28.7
02.08.2018 19:50,128,0,2.7,55,28.6
02.08.2018 20:00,102,0,3,51,28.3
02.08.2018 20:10,77,0,2.1,58,28.2
02.08.2018 20:20,57,0,2.2,53,28.1
02.08.2018 20:30,40,0,1.6,67,27.4
02.08.2018 20:40,25,0,1.3,69,27.4
02.08.2018 20:50,14,0,1.6,57,27.1
02.08.2018 21:00,7,0,2.1,32,26.3
02.08.2018 21:10,3,0,2,40,26.3
02.08.2018 21:20,0,0,1.5,46,25.5
02.08.2018 21:30,0,0,1.8,31,24.7
02.08.2018 21:40,0,0,1.7,26,23.7
02.08.2018 21:50,0,0,1.7,36,23.5
02.08.2018 22:00,0,0,1.6,35,23.5
02.08.2018 22:10,0,0,1.8,30,22.6
02.08.2018 22:20,0,0,1.8,27,22.7
02.08.2018 22:30,0,0,1.6,32,22.1
02.08.2018 22:40,0,0,1.7,31,22
02.08.2018 22:50,0,0,1.9,26,21.3
02.08.2018 23:00,0,0,1.7,31,21.5
02.08.2018 23:10,0,0,1.9,23,21.2
02.08.2018 23:20,0,0,1.8,23,21.2
02.08.2018 23:30,0,0,1.5,21,22
02.08.2018 23:40,0,0,1.2,13,22.3
02.08.2018 23:50,0,0,1.1,352,21.4
03.08.2018 00:00,0,0,1.1,351,21.4
03.08.2018 00:10,0,0,1.3,8,21.1
03.08.2018 00:20,0,0,1.8,15,20.5
03.08.2018 00:30,0,0,2.2,19,21.3
03.08.2018 00:40,0,0,2.1,15,20.3
03.08.2018 00:50,0,0,2.1,22,20.5
03.08.2018 01:00,0,0,2.4,25,20.1
03.08.2018 01:10,0,0,2.6,23,19.9
03.08.2018 01:20,0,0,2.6,31,20.3
03.08.2018 01:30,0,0,2.4,29,19.8
03.08.2018 01:40,0,0,2.8,26,19.7
03.08.2018 01:50,0,0,2.7,30,20.2
03.08.2018 02:00,0,0,2.6,35,20.7
03.08.2018 02:10,0,0,2.5,33,19.8
03.08.2018 02:20,0,0,2.8,29,19.9
03.08.2018 02:30,0,0,3.1,30,19.9
03.08.2018 02:40,0,0,3.2,32,20.2
03.08.2018 02:50,0,0,2.6,32,20
03.08.2018 03:00,0,0,1.9,42,20.6
03.08.2018 03:10,0,0,0.6,14,20.1
03.08.2018 03:20,0,0,1.1,323,19.1
03.08.2018 03:30,0,0,1.4,359,18.5
03.08.2018 03:40,0,0,2,31,18.6
03.08.2018 03:50,0,0,2.7,29,19.5
03.08.2018 04:00,0,0,2.7,22,19.4
03.08.2018 04:10,0,0,2.7,24,18.8
03.08.2018 04:20,0,0,2.7,34,19.4
03.08.2018 04:30,0,0,2.8,28,19.5
03.08.2018 04:40,0,0,2.7,22,19.4
03.08.2018 04:50,0,0,2,22,18.9
03.08.2018 05:00,0,0,1.9,24,18.7
03.08.2018 05:10,0,0,2.6,29,18.8
03.08.2018 05:20,0,0,3,24,18.9
03.08.2018 05:30,0,0,3.1,31,19
03.08.2018 05:40,0,0,3.2,34,19.3
03.08.2018 05:50,0,0,3,36,19.1
03.08.2018 06:00,0,0,2.9,29,18.5
03.08.2018 06:10,2,0,2.8,37,18.6
03.08.2018 06:20,5,0,2.3,28,18.3
03.08.2018 06:30,10,0,1.8,25,17.8
03.08.2018 06:40,18,0,0.4,55,18
03.08.2018 06:50,25,0,0.5,21,17.4
03.08.2018 07:00,43,0,0.4,348,18.3
03.08.2018 07:10,70,0,0.4,359,17.9
03.08.2018 07:20,93,0,0.5,357,18.7
03.08.2018 07:30,117,0,0.5,352,19
03.08.2018 07:40,144,0,0.7,9,19.3
03.08.2018 07:50,171,0,1,14,20.3
03.08.2018 08:00,197,0,1.1,8,20.8
03.08.2018 08:10,225,0,1.2,14,21.2
03.08.2018 08:20,254,0,1.4,19,21.6
03.08.2018 08:30,282,0,1.9,27,21.9
03.08.2018 08:40,312,0,2.8,24,22
03.08.2018 08:50,343,0,3.1,29,22.2
03.08.2018 09:00,374,0,3.1,30,22.6
03.08.2018 09:10,404,0,3,26,22.7
03.08.2018 09:20,434,0,3.1,32,23.3
03.08.2018 09:30,462,0,2.7,31,24.4
03.08.2018 09:40,491,0,3.2,24,23.9
03.08.2018 09:50,519,0,2.6,41,24.6
03.08.2018 10:00,547,0,3.1,29,24.9
03.08.2018 10:10,575,0,2.4,25,25.3
03.08.2018 10:20,602,0,3.3,2,25.3
03.08.2018 10:30,627,0,2.9,6,25.5
03.08.2018 10:40,650,0,2.7,26,25.7
03.08.2018 10:50,672,0,2.6,16,26.9
03.08.2018 11:00,696,0,2.4,41,26.4
03.08.2018 11:10,714,0,2.5,16,27.1
03.08.2018 11:20,730,0,2.8,50,26.6
03.08.2018 11:30,749,0,2.6,37,27.1
03.08.2018 11:40,771,0,2.9,37,27.7
03.08.2018 11:50,785,0,3.5,49,27.4
03.08.2018 12:00,799,0,3.4,57,28.2
03.08.2018 12:10,812,0,3.1,31,28.3
03.08.2018 12:20,831,0,3.4,37,28.1
03.08.2018 12:30,844,0,4.2,59,29.4
03.08.2018 12:40,852,0,3.5,28,28.8
03.08.2018 12:50,858,0,3.8,37,29.4
03.08.2018 13:00,862,0,3.9,23,29.8
03.08.2018 13:10,870,0,4.9,28,29.5
03.08.2018 13:20,870,0,4.7,15,30.1
03.08.2018 13:30,878,0,4.2,43,30.1
03.08.2018 13:40,878,0,4.6,18,30.4
03.08.2018 13:50,879,0,4.5,36,30.7
03.08.2018 14:00,875,0,5.2,48,30.7
03.08.2018 14:10,877,0,4.7,41,31.2
03.08.2018 14:20,871,0,4.5,35,31.2
03.08.2018 14:30,862,0,4,49,31.8
03.08.2018 14:40,848,0,4.7,46,30.9
03.08.2018 14:50,845,0,4.5,48,31.6
03.08.2018 15:00,830,0,4,24,31.9
03.08.2018 15:10,821,0,5,48,31.9
03.08.2018 15:20,815,0,4.6,52,32.6
03.08.2018 15:30,792,0,3.2,49,32.2
03.08.2018 15:40,758,0,3.6,40,31.7
03.08.2018 15:50,740,0,4.2,44,32.5
03.08.2018 16:00,724,0,3.7,78,32.4
03.08.2018 16:10,701,0,2.5,33,32.8
03.08.2018 16:20,684,0,2.9,32,32
03.08.2018 16:30,658,0,4.3,15,32.2
03.08.2018 16:40,659,0,5.2,8,32.2
03.08.2018 16:50,639,0,4.3,39,32.4
03.08.2018 17:00,620,0,4.2,31,32.7
03.08.2018 17:10,594,0,4.3,24,32.1
03.08.2018 17:20,570,0,4.1,23,32.7
03.08.2018 17:30,544,0,4.5,30,32.3
03.08.2018 17:40,512,0,3.3,51,32.5
03.08.2018 17:50,477,0,3,55,32.6
03.08.2018 18:00,453,0,3.2,28,32
03.08.2018 18:10,427,0,4.6,25,32
03.08.2018 18:20,401,0,3.6,53,32
03.08.2018 18:30,367,0,3.7,38,31.9
03.08.2018 18:40,338,0,3.1,57,32.1
03.08.2018 18:50,313,0,3.3,60,31.8
03.08.2018 19:00,282,0,2.5,49,31.7
03.08.2018 19:10,242,0,2.4,63,31.7
03.08.2018 19:20,199,0,2,68,31.6
03.08.2018 19:30,138,0,2.3,68,31
03.08.2018 19:40,95,0,2.3,67,30.8
03.08.2018 19:50,85,0,2.3,54,30.3
03.08.2018 20:00,72,0,2.9,37,29.7
03.08.2018 20:10,75,0,1.2,35,29.2
03.08.2018 20:20,56,0,1.2,49,29.6
03.08.2018 20:30,38,0,1.3,30,28.8
03.08.2018 20:40,23,0,1.1,48,28.6
03.08.2018 20:50,12,0,1.2,64,28
03.08.2018 21:00,5,0,1,53,27.2
03.08.2018 21:10,1,0,0.9,45,26.2
03.08.2018 21:20,0,0,0.8,56,25.7
03.08.2018 21:30,0,0,0.7,56,25
03.08.2018 21:40,0,0,0.7,39,24.3
03.08.2018 21:50,0,0,1.2,16,24.9
03.08.2018 22:00,0,0,1.1,8,24.1
03.08.2018 22:10,0,0,1.4,19,23.9
03.08.2018 22:20,0,0,1.5,27,24.2
03.08.2018 22:30,0,0,1.2,33,23
03.08.2018 22:40,0,0,0.9,48,22.5
03.08.2018 22:50,0,0,1.2,34,23.5
03.08.2018 23:00,0,0,1.5,24,22.9
03.08.2018 23:10,0,0,1.5,26,22.9
03.08.2018 23:20,0,0,1.8,22,22.8
03.08.2018 23:30,0,0,1.6,27,23.2
03.08.2018 23:40,0,0,1.5,27,22.3
03.08.2018 23:50,0,0,0.9,5,22.1
04.08.2018 00:00,0,0,0.7,5,21.5
04.08.2018 00:10,0,0,1.6,14,22.4
04.08.2018 00:20,0,0,1.6,23,22.7
04.08.2018 00:30,0,0,0.9,61,21.7
04.08.2018 00:40,0,0,0.2,30,21.7
04.08.2018 00:50,0,0,0.4,71,21.4
04.08.2018 01:00,0,0,0.7,168,21.5
04.08.2018 01:10,0,0,0.5,170,22.9
04.08.2018 01:20,0,0,1,160,23.1
04.08.2018 01:30,0,0,0.4,156,21.9
04.08.2018 01:40,0,0,0.1,37,20.9
04.08.2018 01:50,0,0,0.2,249,21.1
04.08.2018 02:00,0,0,0.4,198,21.2
04.08.2018 02:10,0,0,0.2,122,20.7
04.08.2018 02:20,0,0,0.2,113,20.2
04.08.2018 02:30,0,0,0.4,124,20.6
04.08.2018 02:40,0,0,0.5,180,21
04.08.2018 02:50,0,0,0.6,153,21.1
04.08.2018 03:00,0,0,0.6,185,21.1
04.08.2018 03:10,0,0,0.3,195,20.4
04.08.2018 03:20,0,0,0.4,201,20.3
04.08.2018 03:30,0,0,0.5,165,20
04.08.2018 03:40,0,0,0.5,214,20
04.08.2018 03:50,0,0,0.6,221,20.2
04.08.2018 04:00,0,0,0.9,212,20.6
04.08.2018 04:10,0,0,0.3,163,19.7
04.08.2018 04:20,0,0,0.5,171,20.4
04.08.2018 04:30,0,0,0.7,213,19.9
04.08.2018 04:40,0,0,0.5,217,19.9
04.08.2018 04:50,0,0,0.8,226,19.7
04.08.2018 05:00,0,0,0.6,188,19.7
04.08.2018 05:10,0,0,0.7,184,19.6
04.08.2018 05:20,0,0,0.6,201,19.4
04.08.2018 05:30,0,0,0.6,183,19.5
04.08.2018 05:40,0,0,0.5,190,19.3
04.08.2018 05:50,0,0,0.9,212,18.8
04.08.2018 06:00,0,0,1.1,201,18.6
04.08.2018 06:10,1,0,0.6,202,18.7
04.08.2018 06:20,5,0,0.8,204,19.3
04.08.2018 06:30,11,0,0.8,224,18
04.08.2018 06:40,18,0,0.9,231,18.2
04.08.2018 06:50,26,0,0.9,203,19.3
04.08.2018 07:00,39,0,0.6,219,18.9
04.08.2018 07:10,68,0,0.2,242,18.9
04.08.2018 07:20,90,0,0.2,163,19.3
04.08.2018 07:30,114,0,0.5,189,20.2
04.08.2018 07:40,138,0,1.1,188,20.9
04.08.2018 07:50,165,0,1,191,21.3
04.08.2018 08:00,192,0,0.7,192,21.9
04.08.2018 08:10,220,0,0.7,213,22.4
04.08.2018 08:20,247,0,1,235,22.1
04.08.2018 08:30,276,0,1.2,196,23.4
04.08.2018 08:40,303,0,1.4,169,23.9
04.08.2018 08:50,333,0,1.6,153,23.9
04.08.2018 09:00,365,0,1.9,161,24.5
04.08.2018 09:10,390,0,1.7,147,24.5
04.08.2018 09:20,419,0,1.7,140,24.6
04.08.2018 09:30,448,0,1.3,144,25.1
04.08.2018 09:40,473,0,0.9,140,25.5
04.08.2018 09:50,506,0,0.7,120,25.8
04.08.2018 10:00,544,0,0.4,0,26.2
04.08.2018 10:10,571,0,0.7,328,26
04.08.2018 10:20,589,0,0.5,43,27.2
04.08.2018 10:30,611,0,1,307,27
04.08.2018 10:40,634,0,1.3,328,28.1
04.08.2018 10:50,662,0,1.8,8,28.1
04.08.2018 11:00,685,0,2.4,25,28.3
04.08.2018 11:10,725,0,2.6,52,28.5
04.08.2018 11:20,628,0,2.2,20,28.2
04.08.2018 11:30,449,0,2.1,24,27.8
04.08.2018 11:40,520,0,1.7,343,28.6
04.08.2018 11:50,720,0,2.3,2,29.4
04.08.2018 12:00,822,0,2.8,358,29.7
04.08.2018 12:10,815,0,2.3,8,30
04.08.2018 12:20,541,0,2.5,9,29.2
04.08.2018 12:30,379,0,2.2,4,28.9
04.08.2018 12:40,597,0,2,40,30.9
04.08.2018 12:50,838,0,2.4,52,30
04.08.2018 13:00,841,0,2.3,12,30.8
04.08.2018 13:10,854,0,2.5,359,30.8
04.08.2018 13:20,855,0,2.2,12,31.1
04.08.2018 13:30,870,0,2.7,22,31.5
04.08.2018 13:40,886,0,3.2,23,31.3
04.08.2018 13:50,897,0,3.1,30,31.9
04.08.2018 14:00,836,0,3.3,51,32.9
04.08.2018 14:10,594,0,3.5,17,31.4
04.08.2018 14:20,329,0,2.3,51,31
04.08.2018 14:30,292,0,2,24,31
04.08.2018 14:40,279,0,2.1,36,31.1
04.08.2018 14:50,336,0,2.2,11,30.9
04.08.2018 15:00,687,0,2.9,6,31.9
04.08.2018 15:10,862,0,2.8,17,32.3
04.08.2018 15:20,852,0,3,360,31.9
04.08.2018 15:30,820,0,2.5,40,33
04.08.2018 15:40,752,0,2.4,9,32.8
04.08.2018 15:50,632,0,2.5,26,31.9
04.08.2018 16:00,548,0,2,357,32.7
04.08.2018 16:10,590,0,2.5,45,32.9
04.08.2018 16:20,514,0,2.5,52,32.4
04.08.2018 16:30,474,0,2.3,57,32.5
04.08.2018 16:40,423,0,2.8,351,31.8
04.08.2018 16:50,258,0,2.3,19,31.7
04.08.2018 17:00,274,0,3.2,19,31.5
04.08.2018 17:10,322,0,3.2,351,31.7
04.08.2018 17:20,291,0,3.6,34,31.7
04.08.2018 17:30,229,0,3.7,30,30.8
04.08.2018 17:40,134,0,3.8,20,30.3
04.08.2018 17:50,81,0,2.4,25,29.4
04.08.2018 18:00,59,0,1.8,47,29.2
04.08.2018 18:10,50,0,2.5,50,29.1
04.08.2018 18:20,49,0,2.1,360,28
04.08.2018 18:30,55,0,2.6,341,28.1
04.08.2018 18:40,68,0,2.5,356,28.1
04.08.2018 18:50,78,0,2.1,10,27.8
04.08.2018 19:00,81,0,1.6,30,27.8
04.08.2018 19:10,83,0,2.3,25,27.5
04.08.2018 19:20,81,0,1.8,37,27.5
04.08.2018 19:30,84,0,2,10,27.4
04.08.2018 19:40,118,0,1.4,360,27.6
04.08.2018 19:50,135,0,0.4,6,27.7
04.08.2018 20:00,108,0,0.4,36,27.7
04.08.2018 20:10,104,0,0.4,29,27.7
04.08.2018 20:20,88,0,0.1,95,27.5
04.08.2018 20:30,63,0,0.3,332,26.9
04.08.2018 20:40,42,0,0.9,277,26.1
04.08.2018 20:50,23,0,0.8,281,25.9
04.08.2018 21:00,12,0,0.2,339,26.1
04.08.2018 21:10,5,0,0.1,51,25.3
04.08.2018 21:20,0,0,0.3,114,23.9
04.08.2018 21:30,0,0,0.4,262,24.4
04.08.2018 21:40,0,0,0.3,254,23.6
04.08.2018 21:50,0,0,0.3,319,24.4
04.08.2018 22:00,0,0,0.7,38,22.3
04.08.2018 22:10,0,0,0.6,17,21.7
04.08.2018 22:20,0,0,0.8,18,22
04.08.2018 22:30,0,0,0.1,30,22.4
04.08.2018 22:40,0,0,0.3,118,22.1
04.08.2018 22:50,0,0,0.3,179,23
04.08.2018 23:00,0,0,0.3,225,22.2
04.08.2018 23:10,0,0,0.1,199,22.8
04.08.2018 23:20,0,0,0.8,142,22.3
04.08.2018 23:30,0,0,1,142,23.2
04.08.2018 23:40,0,0,0.7,153,22.7
04.08.2018 23:50,0,0,0.9,163,22.4
05.08.2018 00:00,0,0,0.5,197,21.1
05.08.2018 00:10,0,0,0.5,187,21.1
05.08.2018 00:20,0,0,0.3,235,20.7
05.08.2018 00:30,0,0,0.5,252,21.4
05.08.2018 00:40,0,0,0.5,229,21.3
05.08.2018 00:50,0,0,0.3,231,21.5
05.08.2018 01:00,0,0,0.3,233,20.7
05.08.2018 01:10,0,0,0.2,175,20.9
05.08.2018 01:20,0,0,0.2,168,20.8
05.08.2018 01:30,0,0,0.5,208,20
05.08.2018 01:40,0,0,0.3,222,20
05.08.2018 01:50,0,0,0.5,209,20
05.08.2018 02:00,0,0,0.5,180,19.7
05.08.2018 02:10,0,0,0.3,145,20
05.08.2018 02:20,0,0,0.6,173,20.6
05.08.2018 02:30,0,0,0.4,167,20.4
05.08.2018 02:40,0,0,0.5,209,19.9
05.08.2018 02:50,0,0,0.5,171,20.6
05.08.2018 03:00,0,0,0.4,184,19.9
05.08.2018 03:10,0,0,0.1,208,19.9
05.08.2018 03:20,0,0,0.1,224,20
05.08.2018 03:30,0,0,0.4,162,19.1
05.08.2018 03:40,0,0,0.9,183,20.1
05.08.2018 03:50,0,0,0.5,177,20
05.08.2018 04:00,0,0,0.3,229,19.1
05.08.2018 04:10,0,0,0.3,172,19.2
05.08.2018 04:20,0,0,0,0,18.8
05.08.2018 04:30,0,0,0.2,211,18.9
05.08.2018 04:40,0,0,0.3,319,18.4
05.08.2018 04:50,0,0,0.2,359,18.3
05.08.2018 05:00,0,0,0.2,8,18.2
05.08.2018 05:10,0,0,0.1,13,18
05.08.2018 05:20,0,0,0.3,50,17.3
05.08.2018 05:30,0,0,0.3,131,17.8
05.08.2018 05:40,0,0,1.1,10,18.1
05.08.2018 05:50,0,0,0.4,17,17.8
05.08.2018 06:00,0,0,0.1,100,17.8
05.08.2018 06:10,1,0,0.2,177,17.3
05.08.2018 06:20,4,0,0.2,146,16.8
05.08.2018 06:30,9,0,0.1,29,18
05.08.2018 06:40,16,0,0.2,142,17.5
05.08.2018 06:50,23,0,0.1,212,16.8
05.08.2018 07:00,33,0,0.1,214,18.1
05.08.2018 07:10,57,0,0.3,240,18.4
05.08.2018 07:20,82,0,0.3,237,18.5
05.08.2018 07:30,101,0,0.1,248,19
05.08.2018 07:40,132,0,0.2,249,19.4
05.08.2018 07:50,160,0,0.1,265,19.8
05.08.2018 08:00,187,0,0.1,275,20.2
05.08.2018 08:10,215,0,0.3,288,20.8
05.08.2018 08:20,241,0,0,0,21.3
05.08.2018 08:30,270,0,0,0,21.8
05.08.2018 08:40,297,0,0,0,22.5
05.08.2018 08:50,327,0,0.7,166,23.6
05.08.2018 09:00,356,0,0.8,134,24.2
05.08.2018 09:10,380,0,0.8,165,24.1
05.08.2018 09:20,412,0,0.5,181,24.4
05.08.2018 09:30,444,0,0.5,7,24.4
05.08.2018 09:40,476,0,1.3,16,25.4
05.08.2018 09:50,505,0,1.5,13,25.3
05.08.2018 10:00,523,0,2.3,10,26.2
05.08.2018 10:10,541,0,2.3,9,26.5
05.08.2018 10:20,577,0,2.4,22,26.1
05.08.2018 10:30,610,0,2.6,21,26.9
05.08.2018 10:40,632,0,2.7,16,27.2
05.08.2018 10:50,653,0,2.9,28,27.6
05.08.2018 11:00,674,0,3.6,43,27.4
05.08.2018 11:10,692,0,3.2,43,28.1
05.08.2018 11:20,705,0,3.6,40,28.1
05.08.2018 11:30,733,0,3.1,35,29
05.08.2018 11:40,744,0,3.9,19,29.2
05.08.2018 11:50,761,0,3.7,34,29.3
05.08.2018 12:00,778,0,4,34,29.1
05.08.2018 12:10,795,0,4.2,26,29.7
05.08.2018 12:20,806,0,3.6,19,29.8
05.08.2018 12:30,824,0,3.6,29,30.5
05.08.2018 12:40,844,0,4.3,22,30.1
05.08.2018 12:50,850,0,3.7,29,31.1
05.08.2018 13:00,857,0,3.7,40,31.9
05.08.2018 13:10,859,0,2.9,21,30.8
05.08.2018 13:20,851,0,3.5,20,31.1
05.08.2018 13:30,856,0,3.6,34,31.4
05.08.2018 13:40,870,0,3.4,45,31.5
05.08.2018 13:50,872,0,3.9,26,32
05.08.2018 14:00,861,0,3.8,50,32
05.08.2018 14:10,863,0,3.4,32,32.7
05.08.2018 14:20,858,0,3.8,17,32
05.08.2018 14:30,861,0,3.1,26,32.4
05.08.2018 14:40,843,0,4,57,33
05.08.2018 14:50,836,0,3.8,47,32.1
05.08.2018 15:00,833,0,3.8,29,32.7
05.08.2018 15:10,822,0,4.9,34,32.6
05.08.2018 15:20,799,0,4.2,29,31.9
05.08.2018 15:30,778,0,3.5,15,32.3
05.08.2018 15:40,763,0,4.8,13,32.3
05.08.2018 15:50,744,0,3.7,36,32
05.08.2018 16:00,714,0,3.1,36,31.9
05.08.2018 16:10,704,0,4,13,32.4
05.08.2018 16:20,685,0,3.5,23,33.1
05.08.2018 16:30,668,0,4.2,29,32.8
05.08.2018 16:40,651,0,4.1,22,32.6
05.08.2018 16:50,640,0,4.5,34,32.1
05.08.2018 17:00,608,0,4.9,37,32.6
05.08.2018 17:10,587,0,4.7,27,32.2
05.08.2018 17:20,559,0,4.6,25,32
05.08.2018 17:30,533,0,4.2,26,32.4
05.08.2018 17:40,505,0,3.9,27,32.1
05.08.2018 17:50,478,0,4,13,32
05.08.2018 18:00,448,0,4.1,8,31.7
05.08.2018 18:10,419,0,4.7,15,31.8
05.08.2018 18:20,395,0,4.4,18,31.5
05.08.2018 18:30,380,0,4,19,31.7
05.08.2018 18:40,354,0,4.3,3,31.3
05.08.2018 18:50,323,0,4.3,1,31.4
05.08.2018 19:00,300,0,4.2,17,31
05.08.2018 19:10,248,0,4.2,8,30.8
05.08.2018 19:20,232,0,3.3,18,30.7
05.08.2018 19:30,209,0,4,7,30.5
05.08.2018 19:40,170,0,3.6,13,30.1
05.08.2018 19:50,147,0,3.1,20,29.9
05.08.2018 20:00,125,0,3.2,25,29.8
05.08.2018 20:10,106,0,3,19,29.3
05.08.2018 20:20,75,0,2.9,10,29.3
05.08.2018 20:30,54,0,2.6,16,28.8
05.08.2018 20:40,37,0,3.1,15,28.4
05.08.2018 20:50,23,0,2.1,21,28.1
05.08.2018 21:00,17,0,2.1,23,27.9
05.08.2018 21:10,10,0,1.9,27,27.7
05.08.2018 21:20,2,0,1.6,17,27.3
05.08.2018 21:30,0,0,1.5,14,27.3
05.08.2018 21:40,0,0,1.6,27,27.1
05.08.2018 21:50,0,0,2.1,21,27
05.08.2018 22:00,0,0,1.7,21,26.6
05.08.2018 22:10,0,0,1.8,24,26.1
05.08.2018 22:20,0,0,1.4,31,26.3
05.08.2018 22:30,0,0,1.8,28,26.6
05.08.2018 22:40,0,0,1,47,26.6
05.08.2018 22:50,0,0,0.8,35,26.5
05.08.2018 23:00,0,0,0.8,18,25.4
05.08.2018 23:10,0,0,0.9,8,25
05.08.2018 23:20,0,0,1.3,20,24.1
05.08.2018 23:30,0,0,1.2,28,24.2
05.08.2018 23:40,0,0,1.3,16,23.4
05.08.2018 23:50,0,0,1.4,22,23.7
06.08.2018 00:00,0,0,0.9,24,23.4
06.08.2018 00:10,0,0,1.1,9,22.7
06.08.2018 00:20,0,0,0.7,358,22.2
06.08.2018 00:30,0,0,1.2,6,22.2
06.08.2018 00:40,0,0,1,32,22.1
06.08.2018 00:50,0,0,0.6,127,22.2
06.08.2018 01:00,0,0,0.1,78,21.9
06.08.2018 01:10,0,0,0.1,47,20.6
06.08.2018 01:20,0,0,0.5,143,21.9
06.08.2018 01:30,0,0,0.1,150,21.8
06.08.2018 01:40,0,0,0.7,21,20.9
06.08.2018 01:50,0,0,0.8,29,21.5
06.08.2018 02:00,0,0,0.4,165,21.1
06.08.2018 02:10,0,0,0.5,136,21.3
06.08.2018 02:20,0,0,0.8,137,21.3
06.08.2018 02:30,0,0,0.9,147,21.4
06.08.2018 02:40,0,0,0.3,142,19.6
06.08.2018 02:50,0,0,0.2,115,19.8
06.08.2018 03:00,0,0,0.2,111,20.5
06.08.2018 03:10,0,0,0.3,127,20.1
06.08.2018 03:20,0,0,0.3,6,19.1
06.08.2018 03:30,0,0,0.3,13,19.6
06.08.2018 03:40,0,0,0.3,68,19.9
06.08.2018 03:50,0,0,0.4,156,19
06.08.2018 04:00,0,0,0.7,155,19.3
06.08.2018 04:10,0,0,0.5,171,20.6
06.08.2018 04:20,0,0,0.1,165,18.4
06.08.2018 04:30,0,0,0.4,173,19.1
06.08.2018 04:40,0,0,0.4,168,19.1
06.08.2018 04:50,0,0,0.7,134,19.2
06.08.2018 05:00,0,0,0.5,160,20.3
06.08.2018 05:10,0,0,0.7,181,19.9
06.08.2018 05:20,0,0,0.5,198,18.5
06.08.2018 05:30,0,0,1.2,249,18.6
06.08.2018 05:40,0,0,0.8,252,18.8
06.08.2018 05:50,0,0,0.3,144,19.5
06.08.2018 06:00,0,0,0.4,113,18.8
06.08.2018 06:10,1,0,0.7,180,19.3
06.08.2018 06:20,2,0,0.8,157,19.4
06.08.2018 06:30,7,0,1,157,19
06.08.2018 06:40,14,0,1.3,158,19.1
06.08.2018 06:50,26,0,1.9,161,19.4
06.08.2018 07:00,36,0,1.2,165,19.3
06.08.2018 07:10,67,0,1.5,160,19.6
06.08.2018 07:20,90,0,1.3,165,19.8
06.08.2018 07:30,121,0,0.8,166,20.3
06.08.2018 07:40,148,0,1.1,173,20.9
06.08.2018 07:50,178,0,1.4,183,21.4
06.08.2018 08:00,196,0,1.3,188,21.9
06.08.2018 08:10,238,0,1.9,182,22.4
06.08.2018 08:20,279,0,1.7,184,22.7
06.08.2018 08:30,304,0,1.6,170,23.1
06.08.2018 08:40,322,0,1.7,153,23
06.08.2018 08:50,341,0,1.5,146,23.6
06.08.2018 09:00,372,0,1.3,125,24.2
06.08.2018 09:10,403,0,1.3,137,23.9
06.08.2018 09:20,432,0,1.2,216,24.3
06.08.2018 09:30,461,0,1.4,195,25
06.08.2018 09:40,491,0,1,195,24.8
06.08.2018 09:50,512,0,1.2,150,25.8
06.08.2018 10:00,536,0,1.1,214,25.4
06.08.2018 10:10,561,0,1,170,25.7
06.08.2018 10:20,585,0,1.3,185,26.2
06.08.2018 10:30,610,0,1.2,164,26.1
06.08.2018 10:40,635,0,1.1,274,26.4
06.08.2018 10:50,654,0,1.2,207,27
06.08.2018 11:00,676,0,1.9,223,28.1
06.08.2018 11:10,699,0,1.9,213,27.5
06.08.2018 11:20,719,0,1.7,210,28
06.08.2018 11:30,735,0,1.8,248,27.1
06.08.2018 11:40,756,0,1.6,230,29
06.08.2018 11:50,774,0,1.5,291,28.6
06.08.2018 12:00,786,0,1.2,244,29.2
06.08.2018 12:10,796,0,0.9,286,28.7
06.08.2018 12:20,807,0,1.5,129,29.8
06.08.2018 12:30,813,0,1.8,261,30.4
06.08.2018 12:40,817,0,1.8,277,30.2
06.08.2018 12:50,837,0,2.5,257,30.3
06.08.2018 13:00,851,0,1.2,157,30.2
06.08.2018 13:10,850,0,2,229,30.3
06.08.2018 13:20,849,0,1.6,271,30.8
06.08.2018 13:30,845,0,1.9,336,30.7
06.08.2018 13:40,839,0,1.2,337,30.9
06.08.2018 13:50,857,0,1.8,342,31.2
06.08.2018 14:00,810,0,2.3,356,31.5
06.08.2018 14:10,751,0,2.3,16,30.8
06.08.2018 14:20,765,0,3.2,322,31
06.08.2018 14:30,710,0,1.8,13,31.1
06.08.2018 14:40,746,0,1.7,15,31.4
06.08.2018 14:50,492,0,2,268,31.5
06.08.2018 15:00,782,0,2.6,279,32.1
06.08.2018 15:10,722,0,1.3,307,32.3
06.08.2018 15:20,764,0,2,309,32.1
06.08.2018 15:30,739,0,3,288,33
06.08.2018 15:40,623,0,3.4,251,31.9
06.08.2018 15:50,626,0,2.7,253,31.1
06.08.2018 16:00,632,0,2.3,266,31.4
06.08.2018 16:10,550,0,2.8,269,31.8
06.08.2018 16:20,540,0,2.4,291,31.8
06.08.2018 16:30,618,0,2.1,266,32.7
06.08.2018 16:40,312,0,3,250,31.5
06.08.2018 16:50,285,0,2.6,251,31.2
06.08.2018 17:00,276,0,2,222,31.1
06.08.2018 17:10,235,0,2.7,217,30.7
06.08.2018 17:20,194,0,2.6,218,30.6
06.08.2018 17:30,169,0,2.7,188,29.5
06.08.2018 17:40,142,0,4.9,159,29.1
06.08.2018 17:50,124,0,4.8,155,28.6
06.08.2018 18:00,117,0,5.5,154,28
06.08.2018 18:10,198,0,5.9,151,27.9
06.08.2018 18:20,341,0,5.5,148,27.9
06.08.2018 18:30,340,0,6.3,170,27.5
06.08.2018 18:40,314,0,6.4,175,27.5
06.08.2018 18:50,357,0,6.5,175,27.5
06.08.2018 19:00,374,0,6.2,170,27.4
06.08.2018 19:10,311,0,5.3,164,27.1
06.08.2018 19:20,192,0,5.9,159,26.9
06.08.2018 19:30,122,0,5.1,165,26.6
06.08.2018 19:40,146,0,5.3,174,26.4
06.08.2018 19:50,103,0,4.5,149,26.1
06.08.2018 20:00,74,0,5.7,130,25.7
06.08.2018 20:10,61,0,4.8,134,25.5
06.08.2018 20:20,46,0,5,155,25.7
06.08.2018 20:30,36,0,4.3,145,25.2
06.08.2018 20:40,26,0,4.1,150,25.1
06.08.2018 20:50,19,0,3.7,155,24.8
06.08.2018 21:00,8,0,3.6,155,24.7
06.08.2018 21:10,3,0,3.2,145,24.8
06.08.2018 21:20,0,0,1.9,141,24.6
06.08.2018 21:30,0,0,1.7,164,24.6
06.08.2018 21:40,0,0,1.2,200,24.3
06.08.2018 21:50,0,0,2.3,181,24.6
06.08.2018 22:00,0,0,2.4,203,24.4
06.08.2018 22:10,0,0,2.1,205,24.3
06.08.2018 22:20,0,0,2.6,244,24.7
06.08.2018 22:30,0,0,5.1,259,24.5
06.08.2018 22:40,0,0,4.8,257,24.3
06.08.2018 22:50,0,0,4.6,240,23.9
06.08.2018 23:00,0,0,4.8,243,23.9
06.08.2018 23:10,0,0,3.8,264,23.5
06.08.2018 23:20,0,0,3.8,274,22.9
06.08.2018 23:30,0,0,3,245,22.6
06.08.2018 23:40,0,0,2.3,211,22.3
06.08.2018 23:50,0,0,1.6,187,22
07.08.2018 00:00,0,0,1.7,195,21.6
07.08.2018 00:10,0,0,2.1,220,21.3
07.08.2018 00:20,0,0,2.7,222,21.3
07.08.2018 00:30,0,0,2.7,230,21.1
07.08.2018 00:40,0,0,2.4,227,21
07.08.2018 00:50,0,0,1.9,226,20.9
07.08.2018 01:00,0,0,1.3,237,20.8
07.08.2018 01:10,0,0,1.3,256,20.7
07.08.2018 01:20,0,0,1.3,221,20.7
07.08.2018 01:30,0,0,1.3,223,20.5
07.08.2018 01:40,0,0,1.4,232,20.5
07.08.2018 01:50,0,0,1,214,20.4
07.08.2018 02:00,0,0,0.9,213,20.4
07.08.2018 02:10,0,0,0.8,195,20
07.08.2018 02:20,0,0,1.1,169,20
07.08.2018 02:30,0,0,1.5,154,20
07.08.2018 02:40,0,0,1.2,156,20
07.08.2018 02:50,0,0,0.8,227,19.9
07.08.2018 03:00,0,0,0.8,240,19.8
07.08.2018 03:10,0,0,0.8,196,19.7
07.08.2018 03:20,0,0,1,159,19.5
07.08.2018 03:30,0,0,1.1,160,19.5
07.08.2018 03:40,0,0,1,164,19.3
07.08.2018 03:50,0,0,0.6,171,19.1
07.08.2018 04:00,0,0,0.6,194,19.3
07.08.2018 04:10,0,0,0.8,237,19.2
07.08.2018 04:20,0,0,1.2,180,19.2
07.08.2018 04:30,0,0,1.5,166,19.3
07.08.2018 04:40,0,0,1.2,190,19.3
07.08.2018 04:50,0,0,1.1,196,19.4
07.08.2018 05:00,0,0,0.8,219,18.8
07.08.2018 05:10,0,0,0.4,213,18.9
07.08.2018 05:20,0,0,1.2,175,19
07.08.2018 05:30,0,0,1.1,192,18.6
07.08.2018 05:40,0,0,0.2,124,18.6
07.08.2018 05:50,0,0,0.7,156,18.2
07.08.2018 06:00,0,0,0.6,220,17.8
07.08.2018 06:10,1,0,1,151,18.6
07.08.2018 06:20,2,0,1.1,162,19
07.08.2018 06:30,6,0,0.9,194,19.1
07.08.2018 06:40,18,0,0.7,179,19.3
07.08.2018 06:50,20,0,1.3,192,19.3
07.08.2018 07:00,16,0,0.9,183,19.5
07.08.2018 07:10,10,0,1.3,186,19.5
07.08.2018 07:20,5,0.2,1.3,158,18.7
07.08.2018 07:30,5,0.8,0.9,169,18.4
07.08.2018 07:40,8,0.5,0.5,180,18.3
07.08.2018 07:50,10,0,0.6,143,18.2
07.08.2018 08:00,12,0,0.8,117,18
07.08.2018 08:10,14,0.1,0.7,108,18.2
07.08.2018 08:20,17,0.1,0.3,70,18.3
07.08.2018 08:30,24,0.1,0.8,166,18.4
07.08.2018 08:40,38,0,0.8,110,18.4
07.08.2018 08:50,65,0.1,0.6,113,18.5
07.08.2018 09:00,101,0.1,0.3,81,18.8
07.08.2018 09:10,139,0,0.4,358,19.1
07.08.2018 09:20,171,0,0.6,190,19.4
07.08.2018 09:30,201,0,0.4,198,19.3
07.08.2018 09:40,240,0,0.8,149,19.9
07.08.2018 09:50,257,0,1.2,145,20
07.08.2018 10:00,273,0,0.8,139,20.2
07.08.2018 10:10,281,0,1.1,176,20.6
07.08.2018 10:20,249,0,1.1,178,20.5
07.08.2018 10:30,223,0,1,181,20.8
07.08.2018 10:40,201,0,0.7,181,20.9
07.08.2018 10:50,185,0,0.6,183,20.8
07.08.2018 11:00,190,0,0.5,130,21
07.08.2018 11:10,216,0,0.4,146,21.3
07.08.2018 11:20,246,0,0.4,212,21.4
07.08.2018 11:30,296,0,0.4,255,21.9
07.08.2018 11:40,361,0,0.3,219,22.1
07.08.2018 11:50,422,0,0.3,293,22.2
07.08.2018 12:00,498,0,0.6,169,22.7
07.08.2018 12:10,513,0,0.4,103,22.8
07.08.2018 12:20,449,0,0.5,232,23.2
07.08.2018 12:30,585,0,0.7,127,23.6
07.08.2018 12:40,982,0,1.2,77,24.5
07.08.2018 12:50,820,0,1.7,51,24.7
07.08.2018 13:00,741,0,1.8,60,25.6
07.08.2018 13:10,884,0,2.1,60,25.4
07.08.2018 13:20,901,0,2.4,57,26.1
07.08.2018 13:30,908,0,1.9,54,26.9
07.08.2018 13:40,936,0,1.4,59,27.2
07.08.2018 13:50,913,0,0.9,110,27.8
07.08.2018 14:00,839,0,0.9,234,28.8
07.08.2018 14:10,724,0,1.3,236,28.6
07.08.2018 14:20,850,0,1.8,238,29
07.08.2018 14:30,866,0,1.4,265,28.6
07.08.2018 14:40,859,0,1.2,170,30
07.08.2018 14:50,864,0,2.1,281,29.2
07.08.2018 15:00,861,0,2,244,30.6
07.08.2018 15:10,848,0,2.8,295,29.8
07.08.2018 15:20,792,0,3.1,274,30.3
07.08.2018 15:30,787,0,2.7,270,30.5
07.08.2018 15:40,761,0,2.3,315,30.3
07.08.2018 15:50,739,0,2.8,295,30.5
07.08.2018 16:00,716,0,2.3,282,30.6
07.08.2018 16:10,694,0,2.2,305,30.6
07.08.2018 16:20,673,0,2.2,294,31.2
07.08.2018 16:30,655,0,2.6,298,31.3
07.08.2018 16:40,635,0,1.9,306,31.4
07.08.2018 16:50,619,0,2.1,270,31.5
07.08.2018 17:00,605,0,1.3,320,30.4
07.08.2018 17:10,579,0,1.4,103,31.1
07.08.2018 17:20,553,0,2.5,307,30.9
07.08.2018 17:30,531,0,1.6,290,30.7
07.08.2018 17:40,520,0,1.3,101,31.7
07.08.2018 17:50,432,0,1.8,313,31.1
07.08.2018 18:00,235,0,1.5,342,30.1
07.08.2018 18:10,263,0,0.9,8,30.2
07.08.2018 18:20,403,0,0.7,234,30.9
07.08.2018 18:30,365,0,0.7,138,30.9
07.08.2018 18:40,338,0,0.9,330,31.2
07.08.2018 18:50,308,0,1.3,298,30.9
07.08.2018 19:00,280,0,0.9,304,31.2
07.08.2018 19:10,251,0,0.9,189,31.1
07.08.2018 19:20,221,0,1.2,143,30.9
07.08.2018 19:30,188,0,0.4,210,30.8
07.08.2018 19:40,78,0,1,242,29.2
07.08.2018 19:50,46,0,0.4,251,28.1
07.08.2018 20:00,35,0,2.2,153,28.6
07.08.2018 20:10,31,0,5,159,28.1
07.08.2018 20:20,32,0,4.5,156,27.4
07.08.2018 20:30,32,0,4.2,149,26.6
07.08.2018 20:40,20,0,4.1,136,26.5
07.08.2018 20:50,10,0,3.1,136,26
07.08.2018 21:00,2,0,3.6,142,25.9
07.08.2018 21:10,0,0,4.3,121,25.8
07.08.2018 21:20,0,0,4.6,127,25.6
07.08.2018 21:30,0,0,4.7,128,25.1
07.08.2018 21:40,0,0,5,128,25
07.08.2018 21:50,0,0,4.8,133,25
07.08.2018 22:00,0,0,5.6,141,25.1
07.08.2018 22:10,0,0,4.7,143,24.9
07.08.2018 22:20,0,0,5.1,149,25.1
07.08.2018 22:30,0,0,5.5,153,25
07.08.2018 22:40,0,0,6.1,154,24.9
07.08.2018 22:50,0,0,5.2,141,24.6
07.08.2018 23:00,0,0,3.8,147,24.4
07.08.2018 23:10,0,0,3.3,150,24
07.08.2018 23:20,0,0,2.7,151,24.1
07.08.2018 23:30,0,0,4.1,161,24.3
07.08.2018 23:40,0,0,3.7,175,24.2
07.08.2018 23:50,0,0,3.4,171,23.9
08.08.2018 00:00,0,0,4.2,163,23.9
08.08.2018 00:10,0,0,4.4,169,23.9
08.08.2018 00:20,0,0,4.9,173,23.9
08.08.2018 00:30,0,0,3.9,159,23.8
08.08.2018 00:40,0,0,3.7,146,23.5
08.08.2018 00:50,0,0,3.6,148,23.2
08.08.2018 01:00,0,0,3.5,154,23.4
08.08.2018 01:10,0,0,2.5,172,23.3
08.08.2018 01:20,0,0,2.7,196,23.1
08.08.2018 01:30,0,0,3.2,186,22.6
08.08.2018 01:40,0,0,4.2,156,22.1
08.08.2018 01:50,0,0,4.4,159,21.4
08.08.2018 02:00,0,0,4.3,153,21.5
08.08.2018 02:10,0,0,3.4,165,21.6
08.08.2018 02:20,0,0,2.5,185,21.4
08.08.2018 02:30,0,0,2.9,184,21.8
08.08.2018 02:40,0,0,3.1,176,22
08.08.2018 02:50,0,0,2.3,184,21.9
08.08.2018 03:00,0,0,2.9,184,21.7
08.08.2018 03:10,0,0,2.2,205,21.5
08.08.2018 03:20,0,0,2,219,20.3
08.08.2018 03:30,0,0,1.3,227,19.5
08.08.2018 03:40,0,0,1.8,232,20
08.08.2018 03:50,0,0,1.9,209,20.1
08.08.2018 04:00,0,0,2.2,203,20.4
08.08.2018 04:10,0,0,2.5,180,20.8
08.08.2018 04:20,0,0,1.5,221,19.1
08.08.2018 04:30,0,0,2.1,173,20.2
08.08.2018 04:40,0,0,2,168,20.4
08.08.2018 04:50,0,0,3,167,20.7
08.08.2018 05:00,0,0,2.7,176,20.7
08.08.2018 05:10,0,0,2.8,186,20.8
08.08.2018 05:20,0,0,3,170,21.1
08.08.2018 05:30,0,0,2.1,165,20.6
08.08.2018 05:40,0,0,1.5,202,20.9
08.08.2018 05:50,0,0,1.4,215,20.6
08.08.2018 06:00,0,0,1.4,188,20.5
08.08.2018 06:10,0,0,0.9,233,19.7
08.08.2018 06:20,1,0,0.9,334,19.5
08.08.2018 06:30,1,0,0.6,40,19.7
08.08.2018 06:40,2,0,1,175,19.8
08.08.2018 06:50,4,0,1.3,147,20.1
08.08.2018 07:00,6,0,1,167,20.2
08.08.2018 07:10,9,0,0.5,113,19.6
08.08.2018 07:20,12,0,1.3,219,19.4
08.08.2018 07:30,17,0,1.2,143,19.6
08.08.2018 07:40,27,0,0.9,187,20
08.08.2018 07:50,34,0,0.8,222,20.2
08.08.2018 08:00,47,0,1.5,158,20.3
08.08.2018 08:10,61,0,1,169,20.6
08.08.2018 08:20,84,0,1.2,119,20.8
08.08.2018 08:30,110,0,0.5,20,20.7
08.08.2018 08:40,147,0,0.5,31,20.9
08.08.2018 08:50,235,0,0.7,13,21.6
08.08.2018 09:00,241,0,1,112,21.9
08.08.2018 09:10,380,0,1,134,23.1
08.08.2018 09:20,411,0,1.3,44,22.6
08.08.2018 09:30,442,0,0.7,348,23
08.08.2018 09:40,488,0,0.9,15,23.7
08.08.2018 09:50,294,0,0.7,101,23.2
08.08.2018 10:00,496,0,1,150,24.1
08.08.2018 10:10,561,0,1,137,24.5
08.08.2018 10:20,583,0,1,12,24.9
08.08.2018 10:30,604,0,1.1,343,24.7
08.08.2018 10:40,619,0,1,324,25
08.08.2018 10:50,427,0,1.4,306,24.6
08.08.2018 11:00,378,0,1.5,309,25
08.08.2018 11:10,343,0,1.1,244,25.1
08.08.2018 11:20,389,0,1.4,232,25.3
08.08.2018 11:30,379,0,1.6,257,25.3
08.08.2018 11:40,569,0,1.7,263,26.5
08.08.2018 11:50,853,0,2,298,26.7
08.08.2018 12:00,844,0,2.4,279,27.4
08.08.2018 12:10,831,0,2.2,276,28.1
08.08.2018 12:20,922,0,2.3,246,27.8
08.08.2018 12:30,501,0,2.7,246,27.2
08.08.2018 12:40,929,0,2.8,264,27.6
08.08.2018 12:50,1009,0,3.2,276,28.5
08.08.2018 13:00,845,0,3.1,276,28
08.08.2018 13:10,1035,0,2.7,288,27.8
08.08.2018 13:20,938,0,2.5,302,27.9
08.08.2018 13:30,902,0,2.6,305,27.5
08.08.2018 13:40,902,0,2.6,318,29
08.08.2018 13:50,901,0,1.9,276,28.2
08.08.2018 14:00,886,0,2.2,293,29.8
08.08.2018 14:10,615,0,2.6,284,27.3
08.08.2018 14:20,166,0,1.9,245,27.2
08.08.2018 14:30,128,0,1.5,256,27
08.08.2018 14:40,167,0,1.8,213,26.9
08.08.2018 14:50,203,0,2.1,228,26.9
08.08.2018 15:00,567,0,2,249,28.5
08.08.2018 15:10,934,0,2.6,235,29.3
08.08.2018 15:20,871,0,2.8,233,29.1
08.08.2018 15:30,778,0,3.1,262,29.1
08.08.2018 15:40,587,0,3,258,29.8
08.08.2018 15:50,790,0,2.2,270,30
08.08.2018 16:00,706,0,2.5,233,29.3
08.08.2018 16:10,584,0,1.5,220,30
08.08.2018 16:20,674,0,2.1,207,29.5
08.08.2018 16:30,362,0,2.3,232,29.3
08.08.2018 16:40,216,0,2.1,208,28.5
08.08.2018 16:50,225,0,2.6,230,28.2
08.08.2018 17:00,459,0,1.9,199,28.6
08.08.2018 17:10,548,0,3.3,151,28
08.08.2018 17:20,355,0,5.2,154,27.2
08.08.2018 17:30,114,0,4.6,165,26
08.08.2018 17:40,84,0,4.7,155,25.5
08.08.2018 17:50,51,0,5.8,156,24.5
08.08.2018 18:00,37,0,5.5,151,23.6
08.08.2018 18:10,30,0,4.9,144,23.3
08.08.2018 18:20,30,0.1,4.3,149,22.7
08.08.2018 18:30,37,0,4.1,141,22.9
08.08.2018 18:40,39,0,3.6,146,22.9
08.08.2018 18:50,32,0,4.3,161,22.6
08.08.2018 19:00,28,0,3.8,167,22.4
08.08.2018 19:10,27,0,4.1,167,22
08.08.2018 19:20,23,0,4.1,167,21.8
08.08.2018 19:30,30,0,4.8,161,21.7
08.08.2018 19:40,42,0,5.5,149,21.2
08.08.2018 19:50,54,0,5.4,143,21
08.08.2018 20:00,32,0,6.2,133,21.2
08.08.2018 20:10,16,0,4.9,139,21.3
08.08.2018 20:20,9,0,4.2,137,21.5
08.08.2018 20:30,4,0,2.3,52,22.4
08.08.2018 20:40,3,0,2.7,146,20.7
08.08.2018 20:50,2,0,3.2,111,21.5
08.08.2018 21:00,1,0,2.3,108,21.4
08.08.2018 21:10,0,0,2.5,169,20.7
08.08.2018 21:20,0,0,1.3,137,20.3
08.08.2018 21:30,0,0,1,142,20.1
08.08.2018 21:40,0,0,1.3,134,20.2
08.08.2018 21:50,0,0,0.5,142,20
08.08.2018 22:00,0,0,0.7,202,20
08.08.2018 22:10,0,0,1.7,175,20.4
08.08.2018 22:20,0,0,1.7,172,20.3
08.08.2018 22:30,0,0,1.6,188,20.1
08.08.2018 22:40,0,0,1.7,158,19.7
08.08.2018 22:50,0,0,2.4,131,19.8
08.08.2018 23:00,0,0,1.8,122,19.5
08.08.2018 23:10,0,0,1.6,118,19.2
08.08.2018 23:20,0,0,0.7,124,19.3
08.08.2018 23:30,0,0,1.1,146,19.1
08.08.2018 23:40,0,0,1,127,18.6
08.08.2018 23:50,0,0,0.6,150,18.5
09.08.2018 00:00,0,0,1.1,177,18.6
09.08.2018 00:10,0,0,1.5,196,18.9
09.08.2018 00:20,0,0,1.9,152,18.6
09.08.2018 00:30,0,0,1.9,131,18.8
09.08.2018 00:40,0,0,1.9,139,18.9
09.08.2018 00:50,0,0,1.9,144,18.8
09.08.2018 01:00,0,0,2.2,173,18.9
09.08.2018 01:10,0,0,2.2,156,18.5
09.08.2018 01:20,0,0,2.6,166,18.4
09.08.2018 01:30,0,0,2.2,159,18.1
09.08.2018 01:40,0,0,2.4,170,18.4
09.08.2018 01:50,0,0,2.1,172,18.7
09.08.2018 02:00,0,0,1.9,160,18.5
09.08.2018 02:10,0,0,2.5,165,18.7
09.08.2018 02:20,0,0,2.4,168,18.7
09.08.2018 02:30,0,0,1.8,186,18.6
09.08.2018 02:40,0,0,1.6,170,18.5
09.08.2018 02:50,0,0,1.1,188,18.6
09.08.2018 03:00,0,0,1.7,170,18.5
09.08.2018 03:10,0,0,2.4,182,18.4
09.08.2018 03:20,0,0,2.3,175,18.5
09.08.2018 03:30,0,0,3,180,18.4
09.08.2018 03:40,0,0,2.8,176,18.5
09.08.2018 03:50,0,0,2.9,167,18.6
09.08.2018 04:00,0,0,3,162,18.6
09.08.2018 04:10,0,0,2.5,158,18.5
09.08.2018 04:20,0,0,3.1,164,18.6
09.08.2018 04:30,0,0,2.6,162,18.5
09.08.2018 04:40,0,0,2.8,157,18.4
09.08.2018 04:50,0,0,2.4,158,18.1
09.08.2018 05:00,0,0,2,155,17.8
09.08.2018 05:10,0,0,1.9,156,17.7
09.08.2018 05:20,0,0,1.1,159,17.8
09.08.2018 05:30,0,0,1.4,183,17.8
09.08.2018 05:40,0,0,1.8,166,17.4
09.08.2018 05:50,0,0,1.4,154,17.1
